{"92216848":{"branch_id":"6ebe9470-b009-4793-bbd3-ec97ef86c4b3","scope":{"type":"project","id":954392},"user_id":328989,"source_asset_id":null,"source":false,"tags":[],"name":"geolocation-ar.js","revision":1,"preload":true,"exclude":false,"meta":null,"data":{"scripts":{"geolocationAR":{"attributesOrder":["debugText","startEvent"],"attributes":{"debugText":{"type":"entity"},"startEvent":{"title":"Start Event Name","description":"Event to listen for.","type":"string"}}}},"loading":false,"loadingType":0},"type":"script","file":{"filename":"geolocation-ar.js","size":5662,"hash":"4bcd8dffb8f24cd0b281804068253998"},"path":[],"task":null,"i18n":{},"_type":"http://sharejs.org/types/JSONv0","_v":1,"_m":{"ctime":1657110933153,"mtime":1657901980851},"_o":"62d1939c2211626f46b533ed","immutable_backup":"67b98d62-c52f-451e-ba78-684af25091eb","same_as_backup":1,"checkpoint_id":"adc7ddeb-7c82-4145-93ea-58ff9d47cadb","id":"92216848"},"92218963":{"branch_id":"6ebe9470-b009-4793-bbd3-ec97ef86c4b3","scope":{"type":"project","id":954392},"user_id":328989,"source_asset_id":null,"source":true,"tags":[],"name":"Roboto-Regular.ttf","revision":1,"preload":false,"exclude":false,"meta":null,"data":null,"type":"font","file":{"filename":"Roboto-Regular.ttf","size":168260,"hash":"8a36205bd9b83e03af0591a004bc97f4"},"path":[],"task":null,"i18n":{},"_type":"http://sharejs.org/types/JSONv0","_v":1,"_m":{"ctime":1657111435683,"mtime":1657111435914},"_o":"62c5838b4e18ef23e77dd3e9","immutable_backup":"ab410fea-2e03-4d45-96a1-539cb0327a42","same_as_backup":1,"checkpoint_id":"adc7ddeb-7c82-4145-93ea-58ff9d47cadb","id":"92218963"},"92218964":{"branch_id":"6ebe9470-b009-4793-bbd3-ec97ef86c4b3","scope":{"type":"project","id":954392},"user_id":328989,"source_asset_id":"92218963","source":false,"tags":[],"name":"Roboto-Regular.ttf","revision":1,"preload":true,"exclude":false,"meta":{"chars":" !\"#$%&'()*+,-./0123456789:;<=>?@ABCDEFGHIJKLMNOPQRSTUVWXYZ[\\]^_`abcdefghijklmnopqrstuvwxyz{|}~"},"data":{"version":2,"intensity":0,"info":{"face":"Roboto-Regular","maps":[{"width":1024,"height":512}]},"chars":{"32":{"id":32,"letter":" ","x":1,"y":1,"width":64,"height":64,"map":0,"xadvance":7.921875,"xoffset":31.5,"yoffset":31.5,"scale":1,"range":8},"33":{"id":33,"letter":"!","x":67,"y":1,"width":64,"height":64,"map":0,"xadvance":8.234375,"xoffset":27.7890625,"yoffset":20.7109375,"scale":1,"range":8,"bounds":[2.5,-0.171875,5.921875,22.75]},"34":{"id":34,"letter":"\"","x":133,"y":1,"width":64,"height":64,"map":0,"xadvance":10.234375,"xoffset":26.6640625,"yoffset":11.859375,"scale":1,"range":8,"bounds":[2.125,16.28125,8.546875,24]},"35":{"id":35,"letter":"#","x":199,"y":1,"width":64,"height":64,"map":0,"xadvance":19.703125,"xoffset":21.421875,"yoffset":20.625,"scale":1,"range":8,"bounds":[1.859375,0,19.296875,22.75]},"36":{"id":36,"letter":"$","x":265,"y":1,"width":64,"height":64,"map":0,"xadvance":17.96875,"xoffset":23.0078125,"yoffset":20.40625,"scale":1,"range":8,"bounds":[1.71875,-3.25,16.265625,26.4375]},"37":{"id":37,"letter":"%","x":331,"y":1,"width":64,"height":64,"map":0,"xadvance":23.4375,"xoffset":20.15625,"yoffset":20.625,"scale":1,"range":8,"bounds":[1.640625,-0.328125,22.046875,23.078125]},"38":{"id":38,"letter":"&","x":397,"y":1,"width":64,"height":64,"map":0,"xadvance":19.890625,"xoffset":21.3125,"yoffset":20.625,"scale":1,"range":8,"bounds":[1.578125,-0.3125,19.796875,23.0625]},"39":{"id":39,"letter":"'","x":463,"y":1,"width":64,"height":64,"map":0,"xadvance":5.578125,"xoffset":29.21875,"yoffset":11.7421875,"scale":1,"range":8,"bounds":[1.609375,16.515625,3.953125,24]},"40":{"id":40,"letter":"(","x":529,"y":1,"width":64,"height":64,"map":0,"xadvance":10.9375,"xoffset":25.796875,"yoffset":22.8359375,"scale":1,"range":8,"bounds":[2.078125,-7.34375,10.328125,25.671875]},"41":{"id":41,"letter":")","x":595,"y":1,"width":64,"height":64,"map":0,"xadvance":11.125,"xoffset":27.2734375,"yoffset":22.8359375,"scale":1,"range":8,"bounds":[0.59375,-7.34375,8.859375,25.671875]},"42":{"id":42,"letter":"*","x":661,"y":1,"width":64,"height":64,"map":0,"xadvance":13.78125,"xoffset":25.1171875,"yoffset":15.8671875,"scale":1,"range":8,"bounds":[0.4375,9.515625,13.328125,22.75]},"43":{"id":43,"letter":"+","x":727,"y":1,"width":64,"height":64,"map":0,"xadvance":18.140625,"xoffset":22.984375,"yoffset":21.4375,"scale":1,"range":8,"bounds":[1.21875,2.28125,16.8125,18.84375]},"44":{"id":44,"letter":",","x":793,"y":1,"width":64,"height":64,"map":0,"xadvance":6.28125,"xoffset":29.3671875,"yoffset":32.5546875,"scale":1,"range":8,"bounds":[0.453125,-4.53125,4.8125,3.421875]},"45":{"id":45,"letter":"-","x":859,"y":1,"width":64,"height":64,"map":0,"xadvance":8.828125,"xoffset":27.609375,"yoffset":22.3359375,"scale":1,"range":8,"bounds":[0.578125,8.484375,8.203125,10.84375]},"46":{"id":46,"letter":".","x":925,"y":1,"width":64,"height":64,"map":0,"xadvance":8.421875,"xoffset":27.953125,"yoffset":30.453125,"scale":1,"range":8,"bounds":[2.25,-0.171875,5.84375,3.265625]},"47":{"id":47,"letter":"/","x":1,"y":67,"width":64,"height":64,"map":0,"xadvance":13.1875,"xoffset":25.734375,"yoffset":21.6015625,"scale":1,"range":8,"bounds":[0.28125,-1.953125,12.25,22.75]},"48":{"id":48,"letter":"0","x":67,"y":67,"width":64,"height":64,"map":0,"xadvance":17.96875,"xoffset":23.0234375,"yoffset":20.625,"scale":1,"range":8,"bounds":[1.796875,-0.3125,16.15625,23.0625]},"49":{"id":49,"letter":"1","x":133,"y":67,"width":64,"height":64,"map":0,"xadvance":17.96875,"xoffset":24.9765625,"yoffset":20.5703125,"scale":1,"range":8,"bounds":[2.65625,0,11.390625,22.859375]},"50":{"id":50,"letter":"2","x":199,"y":67,"width":64,"height":64,"map":0,"xadvance":17.96875,"xoffset":22.875,"yoffset":20.46875,"scale":1,"range":8,"bounds":[1.453125,0,16.796875,23.0625]},"51":{"id":51,"letter":"3","x":265,"y":67,"width":64,"height":64,"map":0,"xadvance":17.96875,"xoffset":23.3203125,"yoffset":20.625,"scale":1,"range":8,"bounds":[1.46875,-0.3125,15.890625,23.0625]},"52":{"id":52,"letter":"4","x":331,"y":67,"width":64,"height":64,"map":0,"xadvance":17.96875,"xoffset":22.9609375,"yoffset":20.625,"scale":1,"range":8,"bounds":[0.828125,0,17.25,22.75]},"53":{"id":53,"letter":"5","x":397,"y":67,"width":64,"height":64,"map":0,"xadvance":17.96875,"xoffset":22.4453125,"yoffset":20.78125,"scale":1,"range":8,"bounds":[2.40625,-0.3125,16.703125,22.75]},"54":{"id":54,"letter":"6","x":463,"y":67,"width":64,"height":64,"map":0,"xadvance":17.96875,"xoffset":22.75,"yoffset":20.7734375,"scale":1,"range":8,"bounds":[2.0625,-0.3125,16.4375,22.765625]},"55":{"id":55,"letter":"7","x":529,"y":67,"width":64,"height":64,"map":0,"xadvance":17.96875,"xoffset":23.109375,"yoffset":20.625,"scale":1,"range":8,"bounds":[1.203125,0,16.578125,22.75]},"56":{"id":56,"letter":"8","x":595,"y":67,"width":64,"height":64,"map":0,"xadvance":17.96875,"xoffset":23.015625,"yoffset":20.625,"scale":1,"range":8,"bounds":[1.75,-0.3125,16.21875,23.0625]},"57":{"id":57,"letter":"9","x":661,"y":67,"width":64,"height":64,"map":0,"xadvance":17.96875,"xoffset":23.28125,"yoffset":20.4765625,"scale":1,"range":8,"bounds":[1.5625,-0.015625,15.875,23.0625]},"58":{"id":58,"letter":":","x":727,"y":67,"width":64,"height":64,"map":0,"xadvance":7.75,"xoffset":28.1015625,"yoffset":23.5546875,"scale":1,"range":8,"bounds":[2.09375,-0.171875,5.703125,17.0625]},"59":{"id":59,"letter":";","x":793,"y":67,"width":64,"height":64,"map":0,"xadvance":6.765625,"xoffset":29.015625,"yoffset":25.734375,"scale":1,"range":8,"bounds":[0.640625,-4.53125,5.328125,17.0625]},"60":{"id":60,"letter":"<","x":859,"y":67,"width":64,"height":64,"map":0,"xadvance":16.265625,"xoffset":24.484375,"yoffset":21.8984375,"scale":1,"range":8,"bounds":[1.125,3.046875,13.90625,17.15625]},"61":{"id":61,"letter":"=","x":925,"y":67,"width":64,"height":64,"map":0,"xadvance":17.5625,"xoffset":23.109375,"yoffset":21.265625,"scale":1,"range":8,"bounds":[2.375,6.234375,15.40625,15.234375]},"62":{"id":62,"letter":">","x":1,"y":133,"width":64,"height":64,"map":0,"xadvance":16.71875,"xoffset":23.234375,"yoffset":21.8828125,"scale":1,"range":8,"bounds":[2.09375,3.0625,15.4375,17.171875]},"63":{"id":63,"letter":"?","x":67,"y":133,"width":64,"height":64,"map":0,"xadvance":15.109375,"xoffset":24.4921875,"yoffset":20.5546875,"scale":1,"range":8,"bounds":[1.171875,-0.171875,13.84375,23.0625]},"64":{"id":64,"letter":"@","x":133,"y":133,"width":64,"height":64,"map":0,"xadvance":28.734375,"xoffset":17.4997749775,"yoffset":24.359375,"scale":1,"range":8,"bounds":[1.82147277228,-7.078125,27.1789772727,22.359375]},"65":{"id":65,"letter":"A","x":199,"y":133,"width":64,"height":64,"map":0,"xadvance":20.875,"xoffset":21.5546875,"yoffset":20.625,"scale":1,"range":8,"bounds":[0.4375,0,20.453125,22.75]},"66":{"id":66,"letter":"B","x":265,"y":133,"width":64,"height":64,"map":0,"xadvance":19.921875,"xoffset":21.6171875,"yoffset":20.625,"scale":1,"range":8,"bounds":[2.640625,0,18.125,22.75]},"67":{"id":67,"letter":"C","x":331,"y":133,"width":64,"height":64,"map":0,"xadvance":20.828125,"xoffset":21.3828125,"yoffset":20.625,"scale":1,"range":8,"bounds":[1.859375,-0.3125,19.375,23.0625]},"68":{"id":68,"letter":"D","x":397,"y":133,"width":64,"height":64,"map":0,"xadvance":20.984375,"xoffset":21.1328125,"yoffset":20.625,"scale":1,"range":8,"bounds":[2.640625,0,19.09375,22.75]},"69":{"id":69,"letter":"E","x":463,"y":133,"width":64,"height":64,"map":0,"xadvance":18.1875,"xoffset":22.1328125,"yoffset":20.625,"scale":1,"range":8,"bounds":[2.640625,0,17.09375,22.75]},"70":{"id":70,"letter":"F","x":529,"y":133,"width":64,"height":64,"map":0,"xadvance":17.6875,"xoffset":22.3125,"yoffset":20.625,"scale":1,"range":8,"bounds":[2.640625,0,16.734375,22.75]},"71":{"id":71,"letter":"G","x":595,"y":133,"width":64,"height":64,"map":0,"xadvance":21.796875,"xoffset":21.328125,"yoffset":20.625,"scale":1,"range":8,"bounds":[1.90625,-0.3125,19.4375,23.0625]},"72":{"id":72,"letter":"H","x":661,"y":133,"width":64,"height":64,"map":0,"xadvance":22.8125,"xoffset":20.6171875,"yoffset":20.625,"scale":1,"range":8,"bounds":[2.640625,0,20.125,22.75]},"73":{"id":73,"letter":"I","x":727,"y":133,"width":64,"height":64,"map":0,"xadvance":8.703125,"xoffset":27.640625,"yoffset":20.625,"scale":1,"range":8,"bounds":[2.859375,0,5.859375,22.75]},"74":{"id":74,"letter":"J","x":793,"y":133,"width":64,"height":64,"map":0,"xadvance":17.65625,"xoffset":23.9921875,"yoffset":20.78125,"scale":1,"range":8,"bounds":[0.828125,-0.3125,15.1875,22.75]},"75":{"id":75,"letter":"K","x":859,"y":133,"width":64,"height":64,"map":0,"xadvance":20.0625,"xoffset":20.640625,"yoffset":20.625,"scale":1,"range":8,"bounds":[2.640625,0,20.078125,22.75]},"76":{"id":76,"letter":"L","x":925,"y":133,"width":64,"height":64,"map":0,"xadvance":17.21875,"xoffset":22.4609375,"yoffset":20.625,"scale":1,"range":8,"bounds":[2.640625,0,16.4375,22.75]},"77":{"id":77,"letter":"M","x":1,"y":199,"width":64,"height":64,"map":0,"xadvance":27.9375,"xoffset":18.0390625,"yoffset":20.625,"scale":1,"range":8,"bounds":[2.640625,0,25.28125,22.75]},"78":{"id":78,"letter":"N","x":67,"y":199,"width":64,"height":64,"map":0,"xadvance":22.8125,"xoffset":20.6171875,"yoffset":20.625,"scale":1,"range":8,"bounds":[2.640625,0,20.125,22.75]},"79":{"id":79,"letter":"O","x":133,"y":199,"width":64,"height":64,"map":0,"xadvance":22,"xoffset":21.0078125,"yoffset":20.625,"scale":1,"range":8,"bounds":[1.84375,-0.3125,20.140625,23.0625]},"80":{"id":80,"letter":"P","x":199,"y":199,"width":64,"height":64,"map":0,"xadvance":20.1875,"xoffset":21.1796875,"yoffset":20.625,"scale":1,"range":8,"bounds":[2.640625,0,19,22.75]},"81":{"id":81,"letter":"Q","x":265,"y":199,"width":64,"height":64,"map":0,"xadvance":22,"xoffset":21.1015625,"yoffset":22.390625,"scale":1,"range":8,"bounds":[1.703125,-3.84375,20.09375,23.0625]},"82":{"id":82,"letter":"R","x":331,"y":199,"width":64,"height":64,"map":0,"xadvance":19.703125,"xoffset":21.1171875,"yoffset":20.625,"scale":1,"range":8,"bounds":[2.625,0,19.140625,22.75]},"83":{"id":83,"letter":"S","x":397,"y":199,"width":64,"height":64,"map":0,"xadvance":18.984375,"xoffset":22.484375,"yoffset":20.625,"scale":1,"range":8,"bounds":[1.25,-0.3125,17.78125,23.0625]},"84":{"id":84,"letter":"T","x":463,"y":199,"width":64,"height":64,"map":0,"xadvance":19.09375,"xoffset":22.4375,"yoffset":20.625,"scale":1,"range":8,"bounds":[0.765625,0,18.359375,22.75]},"85":{"id":85,"letter":"U","x":529,"y":199,"width":64,"height":64,"map":0,"xadvance":20.75,"xoffset":21.578125,"yoffset":20.78125,"scale":1,"range":8,"bounds":[2.1875,-0.3125,18.65625,22.75]},"86":{"id":86,"letter":"V","x":595,"y":199,"width":64,"height":64,"map":0,"xadvance":20.359375,"xoffset":21.8046875,"yoffset":20.625,"scale":1,"range":8,"bounds":[0.4375,0,19.953125,22.75]},"87":{"id":87,"letter":"W","x":661,"y":199,"width":64,"height":64,"map":0,"xadvance":28.390625,"xoffset":17.671875,"yoffset":20.625,"scale":1,"range":8,"bounds":[0.953125,0,27.703125,22.75]},"88":{"id":88,"letter":"X","x":727,"y":199,"width":64,"height":64,"map":0,"xadvance":20.0625,"xoffset":21.9453125,"yoffset":20.625,"scale":1,"range":8,"bounds":[0.890625,0,19.21875,22.75]},"89":{"id":89,"letter":"Y","x":793,"y":199,"width":64,"height":64,"map":0,"xadvance":19.21875,"xoffset":22.421875,"yoffset":20.625,"scale":1,"range":8,"bounds":[0.234375,0,18.921875,22.75]},"90":{"id":90,"letter":"Z","x":859,"y":199,"width":64,"height":64,"map":0,"xadvance":19.15625,"xoffset":22.375,"yoffset":20.625,"scale":1,"range":8,"bounds":[1.34375,0,17.90625,22.75]},"91":{"id":91,"letter":"[","x":925,"y":199,"width":64,"height":64,"map":0,"xadvance":8.484375,"xoffset":26.7734375,"yoffset":21.4375,"scale":1,"range":8,"bounds":[2.28125,-4.875,8.171875,26]},"92":{"id":92,"letter":"\\","x":1,"y":265,"width":64,"height":64,"map":0,"xadvance":13.125,"xoffset":25.25,"yoffset":21.6015625,"scale":1,"range":8,"bounds":[0.625,-1.953125,12.875,22.75]},"93":{"id":93,"letter":"]","x":67,"y":265,"width":64,"height":64,"map":0,"xadvance":8.484375,"xoffset":28.90625,"yoffset":21.4375,"scale":1,"range":8,"bounds":[0.140625,-4.875,6.046875,26]},"94":{"id":94,"letter":"^","x":133,"y":265,"width":64,"height":64,"map":0,"xadvance":13.375,"xoffset":25.34375,"yoffset":14.9296875,"scale":1,"range":8,"bounds":[1,11.390625,12.3125,22.75]},"95":{"id":95,"letter":"_","x":199,"y":265,"width":64,"height":64,"map":0,"xadvance":14.4375,"xoffset":24.78125,"yoffset":33.1796875,"scale":1,"range":8,"bounds":[0.0625,-2.359375,14.375,0]},"96":{"id":96,"letter":"`","x":265,"y":265,"width":64,"height":64,"map":0,"xadvance":9.890625,"xoffset":27.8515625,"yoffset":10.296875,"scale":1,"range":8,"bounds":[0.890625,19.40625,7.40625,24]},"97":{"id":97,"letter":"a","x":331,"y":265,"width":64,"height":64,"map":0,"xadvance":17.40625,"xoffset":23.3203125,"yoffset":23.546875,"scale":1,"range":8,"bounds":[1.703125,-0.3125,15.65625,17.21875]},"98":{"id":98,"letter":"b","x":397,"y":265,"width":64,"height":64,"map":0,"xadvance":17.953125,"xoffset":22.65625,"yoffset":20.15625,"scale":1,"range":8,"bounds":[2.1875,-0.3125,16.5,24]},"99":{"id":99,"letter":"c","x":463,"y":265,"width":64,"height":64,"map":0,"xadvance":16.75,"xoffset":23.4375,"yoffset":23.546875,"scale":1,"range":8,"bounds":[1.4375,-0.3125,15.6875,17.21875]},"100":{"id":100,"letter":"d","x":529,"y":265,"width":64,"height":64,"map":0,"xadvance":18.046875,"xoffset":23.3828125,"yoffset":20.15625,"scale":1,"range":8,"bounds":[1.484375,-0.3125,15.75,24]},"101":{"id":101,"letter":"e","x":595,"y":265,"width":64,"height":64,"map":0,"xadvance":16.953125,"xoffset":23.375,"yoffset":23.546875,"scale":1,"range":8,"bounds":[1.453125,-0.3125,15.796875,17.21875]},"102":{"id":102,"letter":"f","x":661,"y":265,"width":64,"height":64,"map":0,"xadvance":11.109375,"xoffset":25.953125,"yoffset":19.8359375,"scale":1,"range":8,"bounds":[0.9375,0,11.15625,24.328125]},"103":{"id":103,"letter":"g","x":727,"y":265,"width":64,"height":64,"map":0,"xadvance":17.953125,"xoffset":23.359375,"yoffset":26.71875,"scale":1,"range":8,"bounds":[1.5,-6.65625,15.78125,17.21875]},"104":{"id":104,"letter":"h","x":793,"y":265,"width":64,"height":64,"map":0,"xadvance":17.625,"xoffset":23.1640625,"yoffset":20,"scale":1,"range":8,"bounds":[2.1875,0,15.484375,24]},"105":{"id":105,"letter":"i","x":859,"y":265,"width":64,"height":64,"map":0,"xadvance":7.765625,"xoffset":28.0859375,"yoffset":20.46875,"scale":1,"range":8,"bounds":[2.203125,0,5.625,23.0625]},"106":{"id":106,"letter":"j","x":925,"y":265,"width":64,"height":64,"map":0,"xadvance":7.640625,"xoffset":29.8125,"yoffset":23.8828125,"scale":1,"range":8,"bounds":[-1.015625,-6.828125,5.390625,23.0625]},"107":{"id":107,"letter":"k","x":1,"y":331,"width":64,"height":64,"map":0,"xadvance":16.21875,"xoffset":22.8046875,"yoffset":20,"scale":1,"range":8,"bounds":[2.203125,0,16.1875,24]},"108":{"id":108,"letter":"l","x":67,"y":331,"width":64,"height":64,"map":0,"xadvance":7.765625,"xoffset":28.1171875,"yoffset":20,"scale":1,"range":8,"bounds":[2.4375,0,5.328125,24]},"109":{"id":109,"letter":"m","x":133,"y":331,"width":64,"height":64,"map":0,"xadvance":28.046875,"xoffset":17.9765625,"yoffset":23.390625,"scale":1,"range":8,"bounds":[2.171875,0,25.875,17.21875]},"110":{"id":110,"letter":"n","x":199,"y":331,"width":64,"height":64,"map":0,"xadvance":17.65625,"xoffset":23.1640625,"yoffset":23.390625,"scale":1,"range":8,"bounds":[2.1875,0,15.484375,17.21875]},"111":{"id":111,"letter":"o","x":265,"y":331,"width":64,"height":64,"map":0,"xadvance":18.25,"xoffset":22.8828125,"yoffset":23.546875,"scale":1,"range":8,"bounds":[1.421875,-0.3125,16.8125,17.21875]},"112":{"id":112,"letter":"p","x":331,"y":331,"width":64,"height":64,"map":0,"xadvance":17.953125,"xoffset":22.671875,"yoffset":26.640625,"scale":1,"range":8,"bounds":[2.1875,-6.5,16.46875,17.21875]},"113":{"id":113,"letter":"q","x":397,"y":331,"width":64,"height":64,"map":0,"xadvance":18.1875,"xoffset":23.390625,"yoffset":26.640625,"scale":1,"range":8,"bounds":[1.484375,-6.5,15.734375,17.21875]},"114":{"id":114,"letter":"r","x":463,"y":331,"width":64,"height":64,"map":0,"xadvance":10.828125,"xoffset":25.7265625,"yoffset":23.390625,"scale":1,"range":8,"bounds":[2.1875,0,10.359375,17.21875]},"115":{"id":115,"letter":"s","x":529,"y":331,"width":64,"height":64,"map":0,"xadvance":16.5,"xoffset":23.796875,"yoffset":23.546875,"scale":1,"range":8,"bounds":[1.484375,-0.3125,14.921875,17.21875]},"116":{"id":116,"letter":"t","x":595,"y":331,"width":64,"height":64,"map":0,"xadvance":10.453125,"xoffset":27.2578125,"yoffset":21.65625,"scale":1,"range":8,"bounds":[0.140625,-0.3125,9.34375,21]},"117":{"id":117,"letter":"u","x":661,"y":331,"width":64,"height":64,"map":0,"xadvance":17.640625,"xoffset":23.21875,"yoffset":23.703125,"scale":1,"range":8,"bounds":[2.125,-0.3125,15.4375,16.90625]},"118":{"id":118,"letter":"v","x":727,"y":331,"width":64,"height":64,"map":0,"xadvance":15.5,"xoffset":24.2890625,"yoffset":23.546875,"scale":1,"range":8,"bounds":[0.515625,0,14.90625,16.90625]},"119":{"id":119,"letter":"w","x":793,"y":331,"width":64,"height":64,"map":0,"xadvance":24.046875,"xoffset":20.015625,"yoffset":23.546875,"scale":1,"range":8,"bounds":[0.671875,0,23.296875,16.90625]},"120":{"id":120,"letter":"x","x":859,"y":331,"width":64,"height":64,"map":0,"xadvance":15.859375,"xoffset":24.1015625,"yoffset":23.546875,"scale":1,"range":8,"bounds":[0.640625,0,15.15625,16.90625]},"121":{"id":121,"letter":"y","x":925,"y":331,"width":64,"height":64,"map":0,"xadvance":15.140625,"xoffset":24.453125,"yoffset":26.9609375,"scale":1,"range":8,"bounds":[0.34375,-6.828125,14.75,16.90625]},"122":{"id":122,"letter":"z","x":1,"y":397,"width":64,"height":64,"map":0,"xadvance":15.859375,"xoffset":23.9140625,"yoffset":23.546875,"scale":1,"range":8,"bounds":[1.375,0,14.796875,16.90625]},"123":{"id":123,"letter":"{","x":67,"y":397,"width":64,"height":64,"map":0,"xadvance":10.828125,"xoffset":26.265625,"yoffset":22.3828125,"scale":1,"range":8,"bounds":[1,-5.71875,10.46875,24.953125]},"124":{"id":124,"letter":"|","x":133,"y":397,"width":64,"height":64,"map":0,"xadvance":7.796875,"xoffset":28.1015625,"yoffset":22.734375,"scale":1,"range":8,"bounds":[2.734375,-4.21875,5.0625,22.75]},"125":{"id":125,"letter":"}","x":199,"y":397,"width":64,"height":64,"map":0,"xadvance":10.828125,"xoffset":26.9609375,"yoffset":22.3828125,"scale":1,"range":8,"bounds":[0.296875,-5.71875,9.78125,24.953125]},"126":{"id":126,"letter":"~","x":265,"y":397,"width":64,"height":64,"map":0,"xadvance":21.765625,"xoffset":21.109375,"yoffset":22.59375,"scale":1,"range":8,"bounds":[2.046875,6.28125,19.734375,12.53125]}},"kerning":{"32":{"84":-0.625},"34":{"39":-1.671875,"65":-1.875,"97":-0.78125,"99":-0.921875,"100":-0.921875,"101":-0.921875,"103":-0.921875,"109":-0.3125,"110":-0.3125,"111":-0.953125,"112":-0.3125,"113":-0.921875,"115":-1.25,"119":0.171875},"39":{"34":-1.671875,"65":-1.875,"97":-0.78125,"99":-0.921875,"100":-0.921875,"101":-0.921875,"103":-0.921875,"109":-0.3125,"110":-0.3125,"111":-0.953125,"112":-0.3125,"113":-0.921875,"115":-1.25,"119":0.171875},"40":{"86":0.3125,"87":0.28125,"89":0.34375},"44":{"34":-2.65625,"39":-2.65625},"46":{"34":-2.65625,"39":-2.65625},"65":{"34":-1.875,"39":-1.875,"63":-0.953125,"67":-0.171875,"71":-0.171875,"79":-0.171875,"81":-0.171875,"84":-2.015625,"85":-0.265625,"86":-1.359375,"87":-1.078125,"89":-1.46875,"111":-0.1875,"116":-0.265625,"117":-0.171875,"118":-0.78125,"119":-0.515625,"121":-0.78125,"122":0.1875},"66":{"84":-0.421875,"86":-0.375,"89":-0.859375},"67":{"41":-0.40625,"84":-0.453125,"93":-0.1875,"125":-0.265625},"68":{"44":-1.59375,"46":-1.59375,"65":-0.328125,"84":-0.421875,"86":-0.34375,"88":-0.34375,"89":-0.671875,"90":-0.359375},"69":{"84":0.3125,"99":-0.296875,"100":-0.296875,"101":-0.296875,"102":-0.28125,"103":-0.296875,"111":-0.296875,"113":-0.296875,"117":-0.265625,"118":-0.40625,"119":-0.34375,"121":-0.40625},"70":{"44":-3.65625,"46":-3.65625,"65":-2.65625,"74":-4.125,"84":0.3125,"97":-0.53125,"99":-0.328125,"100":-0.328125,"101":-0.328125,"103":-0.328125,"111":-0.328125,"113":-0.328125,"114":-0.40625,"117":-0.34375,"118":-0.375,"121":-0.375},"72":{"65":0.28125,"84":-0.453125,"88":0.265625,"89":-0.4375},"73":{"65":0.28125,"84":-0.453125,"88":0.265625,"89":-0.4375},"74":{"65":-0.34375},"75":{"45":-1,"67":-0.484375,"71":-0.484375,"79":-0.484375,"81":-0.484375,"99":-0.40625,"100":-0.40625,"101":-0.40625,"103":-0.40625,"109":-0.359375,"110":-0.359375,"111":-0.421875,"112":-0.359375,"113":-0.40625,"117":-0.359375,"118":-0.625,"119":-0.984375,"121":-0.625},"76":{"34":-5.25,"39":-5.25,"65":0.296875,"67":-1.015625,"71":-1.015625,"79":-1.015625,"81":-1.015625,"84":-4.296875,"85":-0.84375,"86":-2.734375,"87":-2.234375,"89":-3.734375,"117":-0.6875,"118":-2.078125,"119":-1.4375,"121":-2.078125},"77":{"65":0.28125,"84":-0.453125,"88":0.265625,"89":-0.4375},"78":{"65":0.28125,"84":-0.453125,"88":0.265625,"89":-0.4375},"79":{"44":-1.59375,"46":-1.59375,"65":-0.328125,"84":-0.421875,"86":-0.34375,"88":-0.34375,"89":-0.671875,"90":-0.359375},"80":{"44":-5.0625,"46":-5.0625,"65":-2.15625,"74":-3.125,"88":-0.484375,"90":-0.40625,"97":-0.171875,"99":-0.203125,"100":-0.203125,"101":-0.203125,"103":-0.203125,"111":-0.203125,"113":-0.203125,"116":0.21875,"118":0.234375,"121":0.234375},"81":{"84":-0.671875,"86":-0.4375,"87":-0.3125,"89":-0.546875},"82":{"84":-1.25,"86":-0.296875,"89":-0.75},"84":{"32":-0.625,"44":-3.40625,"45":-3.625,"46":-3.40625,"65":-1.234375,"67":-0.4375,"71":-0.4375,"74":-3.75,"79":-0.4375,"81":-0.4375,"83":-0.25,"86":0.25,"87":0.234375,"89":0.25,"97":-1.765625,"99":-1.546875,"100":-1.546875,"101":-1.546875,"103":-1.546875,"109":-1.703125,"110":-1.703125,"111":-1.546875,"112":-1.703125,"113":-1.546875,"114":-1.171875,"115":-1.8125,"117":-1.484375,"118":-1.125,"119":-0.890625,"120":-1.203125,"121":-1.125,"122":-0.9375},"85":{"65":-0.34375},"86":{"41":0.3125,"44":-3.515625,"45":-0.578125,"46":-3.515625,"65":-1.171875,"67":-0.203125,"71":-0.203125,"79":-0.203125,"81":-0.203125,"93":0.265625,"97":-0.71875,"99":-0.6875,"100":-0.6875,"101":-0.6875,"103":-0.6875,"111":-0.71875,"113":-0.6875,"114":-0.46875,"117":-0.4375,"118":-0.171875,"121":-0.171875,"125":0.296875},"87":{"41":0.234375,"44":-1.921875,"45":-0.9375,"46":-1.921875,"65":-0.671875,"84":0.21875,"93":0.1875,"97":-0.515625,"99":-0.484375,"100":-0.484375,"101":-0.484375,"103":-0.484375,"111":-0.484375,"113":-0.484375,"114":-0.328125,"117":-0.296875,"125":0.21875},"88":{"45":-0.71875,"67":-0.390625,"71":-0.390625,"79":-0.390625,"81":-0.390625,"86":0.21875,"99":-0.40625,"100":-0.40625,"101":-0.40625,"103":-0.40625,"111":-0.328125,"113":-0.40625,"117":-0.328125,"118":-0.484375,"121":-0.484375},"89":{"38":-0.46875,"41":0.3125,"42":-0.765625,"44":-3.296875,"45":-0.8125,"46":-3.296875,"65":-1.46875,"67":-0.453125,"71":-0.453125,"74":-1.5,"79":-0.453125,"81":-0.453125,"83":-0.25,"84":0.265625,"85":-1.5,"86":0.28125,"87":0.265625,"88":0.203125,"93":0.28125,"97":-1.140625,"99":-1.015625,"100":-1.015625,"101":-1.015625,"102":-0.34375,"103":-1.015625,"109":-0.625,"110":-0.625,"111":-1.015625,"112":-0.625,"113":-1.015625,"114":-0.625,"115":-0.90625,"116":-0.34375,"117":-0.609375,"118":-0.3125,"120":-0.359375,"121":-0.3125,"122":-0.46875,"125":0.296875},"90":{"65":0.203125,"67":-0.40625,"71":-0.40625,"79":-0.40625,"81":-0.40625,"99":-0.328125,"100":-0.328125,"101":-0.328125,"103":-0.328125,"111":-0.328125,"113":-0.328125,"117":-0.296875,"118":-0.421875,"119":-0.421875,"121":-0.421875},"91":{"74":-0.28125,"85":-0.28125},"97":{"34":-1.046875,"39":-1.046875,"118":-0.234375,"121":-0.234375},"98":{"34":-0.453125,"39":-0.453125,"118":-0.171875,"120":-0.234375,"121":-0.171875,"122":-0.234375},"99":{"34":-0.171875,"39":-0.171875},"101":{"34":-0.21875,"39":-0.21875,"118":-0.203125,"121":-0.203125},"102":{"34":0.25,"39":0.25,"41":0.3125,"93":0.28125,"99":-0.375,"100":-0.375,"101":-0.375,"103":-0.375,"113":-0.375,"125":0.296875},"104":{"34":-1.625,"39":-1.625},"107":{"99":-0.3125,"100":-0.3125,"101":-0.3125,"103":-0.3125,"113":-0.3125},"109":{"34":-1.625,"39":-1.625},"110":{"34":-1.625,"39":-1.625},"111":{"34":-2.125,"39":-2.125,"118":-0.234375,"120":-0.328125,"121":-0.234375,"122":-0.25},"112":{"34":-0.453125,"39":-0.453125,"118":-0.171875,"120":-0.234375,"121":-0.171875,"122":-0.234375},"114":{"34":0.25,"39":0.25,"44":-1.921875,"46":-1.921875,"97":-0.625,"99":-0.296875,"100":-0.296875,"101":-0.296875,"102":0.234375,"103":-0.296875,"111":-0.3125,"113":-0.296875,"116":0.78125,"118":0.28125,"119":0.265625,"121":0.28125},"116":{"111":-0.3125},"118":{"34":0.234375,"39":0.234375,"44":-1.671875,"46":-1.671875,"97":-0.234375,"99":-0.203125,"100":-0.203125,"101":-0.203125,"102":0.203125,"103":-0.203125,"111":-0.234375,"113":-0.203125},"119":{"44":-1.9375,"46":-1.9375},"120":{"99":-0.3125,"100":-0.3125,"101":-0.3125,"103":-0.3125,"111":-0.3125,"113":-0.3125},"121":{"34":0.234375,"39":0.234375,"44":-1.671875,"46":-1.671875,"97":-0.234375,"99":-0.203125,"100":-0.203125,"101":-0.203125,"102":0.203125,"103":-0.203125,"111":-0.234375,"113":-0.203125},"122":{"99":-0.25,"100":-0.25,"101":-0.25,"103":-0.25,"111":-0.25,"113":-0.25},"123":{"74":-0.3125,"85":-0.3125}}},"type":"font","file":{"filename":"Roboto-Regular.png","hash":"d92b61c04dfb96827b8fa8982be9758a","size":96093},"path":[],"task":null,"i18n":{},"_type":"http://sharejs.org/types/JSONv0","_v":1,"_m":{"ctime":1657111436337,"mtime":1657111438010},"_o":"62c5838e30b882657e1c26f5","immutable_backup":"30105aec-86d3-474c-a894-8c11dd4e75dd","same_as_backup":1,"checkpoint_id":"adc7ddeb-7c82-4145-93ea-58ff9d47cadb","id":"92218964"},"93312133":{"branch_id":"6ebe9470-b009-4793-bbd3-ec97ef86c4b3","scope":{"type":"project","id":954392},"user_id":328989,"source_asset_id":null,"source":false,"tags":[],"name":"geolocation-object.js","revision":1,"preload":true,"exclude":false,"meta":null,"data":{"scripts":{"geolocationObject":{"attributesOrder":["geoCam","coordinates"],"attributes":{"geoCam":{"type":"entity"},"coordinates":{"type":"json","schema":[{"name":"latitude","type":"number","default":50,"precision":15},{"name":"longitude","type":"number","default":13,"precision":15}]}}}},"loading":false,"loadingType":0},"type":"script","file":{"filename":"geolocation-object.js","size":2350,"hash":"14c527d818b872190ceb7584cfb9926f"},"path":[],"task":null,"i18n":{},"immutable_backup":"87fc830c-a388-4dc4-bd50-87af5b4b66d9","same_as_backup":0,"checkpoint_id":"adc7ddeb-7c82-4145-93ea-58ff9d47cadb","_type":"http://sharejs.org/types/JSONv0","_v":1,"_m":{"ctime":1657711232730,"mtime":1658159288342},"_o":"62d580b8e3f074814b258387","id":"93312133"},"93320339":{"scope":{"type":"project","id":954392},"user_id":328989,"source_asset_id":null,"source":false,"tags":[],"name":"device-motion-camera.js","revision":1,"preload":true,"exclude":false,"meta":null,"data":{"scripts":{"deviceMotionCamera":{"attributesOrder":["startEvent","adjustHeading","trackAcceleration","debugText"],"attributes":{"trackAcceleration":{"type":"boolean","title":"Track Device Acceleration","default":false},"adjustHeading":{"type":"boolean","title":"Adjust for Heading","default":false},"debugText":{"type":"entity","title":"Debug Text Entity","default":false},"startEvent":{"type":"string","title":"Start Event"}}}},"loading":false,"loadingType":0},"type":"script","file":{"filename":"device-motion-camera.js","size":7250,"hash":"26198df4e7499f9efc835db50cc06a53"},"path":[],"task":null,"i18n":{},"branch_id":"6ebe9470-b009-4793-bbd3-ec97ef86c4b3","immutable_backup":"548adc34-0045-407c-825d-183b6525b9d1","same_as_backup":0,"checkpoint_id":"adc7ddeb-7c82-4145-93ea-58ff9d47cadb","_type":"http://sharejs.org/types/JSONv0","_v":1,"_m":{"ctime":1657713510047,"mtime":1658160061141},"_o":"62d583bde3f0742f51258433","id":"93320339"},"93673435":{"branch_id":"6ebe9470-b009-4793-bbd3-ec97ef86c4b3","scope":{"type":"project","id":954392},"user_id":328989,"source_asset_id":null,"source":false,"tags":[],"name":"quat-helper.js","revision":1,"preload":true,"exclude":false,"meta":null,"data":{"scripts":{"quatHelper":{"attributesOrder":[],"attributes":{}}},"loading":false,"loadingType":0},"type":"script","file":{"filename":"quat-helper.js","size":3002,"hash":"e539bdc4bc20a2b8ea9ce2535cea74fb"},"path":[],"task":null,"i18n":{},"_type":"http://sharejs.org/types/JSONv0","_v":1,"_m":{"ctime":1657884890714,"mtime":1657884899025},"_o":"62d150e3e3f074972425371e","immutable_backup":"de6cf5f3-d73a-40a0-afb3-c04c9d7b4196","same_as_backup":1,"checkpoint_id":"adc7ddeb-7c82-4145-93ea-58ff9d47cadb","id":"93673435"},"93697693":{"branch_id":"6ebe9470-b009-4793-bbd3-ec97ef86c4b3","scope":{"type":"project","id":954392},"user_id":328989,"source_asset_id":null,"source":false,"tags":[],"name":"Green","revision":1,"preload":true,"exclude":false,"meta":null,"data":{"ambient":[0,0,0],"ambientTint":false,"aoMap":null,"aoMapChannel":"r","aoMapUv":0,"aoMapTiling":[1,1],"aoMapOffset":[0,0],"diffuse":[0,1,0],"diffuseMap":null,"diffuseMapChannel":"rgb","diffuseMapUv":0,"diffuseMapTiling":[1,1],"diffuseMapOffset":[0,0],"specular":[0.23,0.23,0.23],"specularMap":null,"specularMapChannel":"rgb","specularMapUv":0,"specularMapTiling":[1,1],"specularMapOffset":[0,0],"specularAntialias":true,"occludeSpecular":1,"enableGGXSpecular":false,"anisotropy":0,"useMetalness":false,"metalness":1,"metalnessMap":null,"metalnessMapChannel":"r","metalnessMapUv":0,"metalnessMapTiling":[1,1],"metalnessMapOffset":[0,0],"conserveEnergy":true,"shininess":32,"glossMap":null,"glossMapChannel":"r","glossMapUv":0,"glossMapTiling":[1,1],"glossMapOffset":[0,0],"clearCoat":0,"clearCoatMap":null,"clearCoatMapChannel":"r","clearCoatMapUv":0,"clearCoatMapTiling":[1,1],"clearCoatMapOffset":[0,0],"clearCoatVertexColor":false,"clearCoatVertexColorChannel":"r","clearCoatGlossiness":1,"clearCoatGlossMap":null,"clearCoatGlossMapChannel":"r","clearCoatGlossMapUv":0,"clearCoatGlossMapTiling":[1,1],"clearCoatGlossMapOffset":[0,0],"clearCoatGlossVertexColor":false,"clearCoatGlossVertexColorChannel":"r","clearCoatBumpiness":1,"clearCoatNormalMap":null,"clearCoatNormalMapUv":0,"clearCoatNormalMapTiling":[1,1],"clearCoatNormalMapOffset":[0,0],"fresnelModel":0,"emissive":[0,0,0],"emissiveMap":null,"emissiveMapChannel":"rgb","emissiveMapUv":0,"emissiveMapTiling":[1,1],"emissiveMapOffset":[0,0],"emissiveIntensity":1,"normalMap":null,"normalMapTiling":[1,1],"normalMapOffset":[0,0],"normalMapUv":0,"bumpMapFactor":1,"heightMap":null,"heightMapChannel":"r","heightMapUv":0,"heightMapTiling":[1,1],"heightMapOffset":[0,0],"heightMapFactor":1,"alphaToCoverage":false,"alphaTest":0,"alphaFade":1,"opacity":1,"opacityMap":null,"opacityMapChannel":"r","opacityMapUv":0,"opacityMapTiling":[1,1],"opacityMapOffset":[0,0],"opacityFadesSpecular":true,"reflectivity":1,"refraction":0,"refractionIndex":0.6666666666666666,"sphereMap":null,"cubeMap":null,"cubeMapProjection":0,"cubeMapProjectionBox":{"center":[0,0,0],"halfExtents":[0.5,0.5,0.5]},"lightMap":null,"lightMapChannel":"rgb","lightMapUv":1,"lightMapTiling":[1,1],"lightMapOffset":[0,0],"depthTest":true,"depthWrite":true,"cull":1,"blendType":3,"shader":"blinn","useFog":true,"useLighting":true,"useSkybox":true,"useGammaTonemap":true,"aoMapVertexColor":false,"diffuseMapVertexColor":false,"emissiveMapVertexColor":false,"specularMapVertexColor":false,"metalnessMapVertexColor":false,"opacityMapVertexColor":false,"glossMapVertexColor":false,"lightMapVertexColor":false,"diffuseMapTint":false,"specularMapTint":false,"emissiveMapTint":false,"metalnessMapTint":false},"type":"material","file":null,"path":[],"task":null,"i18n":{},"_type":"http://sharejs.org/types/JSONv0","_v":1,"_m":{"ctime":1657892567704,"mtime":1657892614189},"_o":"62d16f0683530d9faff0ec61","checkpoint_id":"adc7ddeb-7c82-4145-93ea-58ff9d47cadb","id":"93697693"},"93697695":{"scope":{"type":"project","id":954392},"user_id":328989,"source_asset_id":null,"source":false,"tags":[],"name":"Blue","revision":1,"preload":true,"exclude":false,"meta":null,"data":{"ambient":[0,0,0],"ambientTint":false,"aoMap":null,"aoMapChannel":"r","aoMapUv":0,"aoMapTiling":[1,1],"aoMapOffset":[0,0],"diffuse":[0,0,1],"diffuseMap":null,"diffuseMapChannel":"rgb","diffuseMapUv":0,"diffuseMapTiling":[1,1],"diffuseMapOffset":[0,0],"specular":[0.23,0.23,0.23],"specularMap":null,"specularMapChannel":"rgb","specularMapUv":0,"specularMapTiling":[1,1],"specularMapOffset":[0,0],"specularAntialias":true,"occludeSpecular":1,"enableGGXSpecular":false,"anisotropy":0,"useMetalness":false,"metalness":1,"metalnessMap":null,"metalnessMapChannel":"r","metalnessMapUv":0,"metalnessMapTiling":[1,1],"metalnessMapOffset":[0,0],"conserveEnergy":true,"shininess":32,"glossMap":null,"glossMapChannel":"r","glossMapUv":0,"glossMapTiling":[1,1],"glossMapOffset":[0,0],"clearCoat":0,"clearCoatMap":null,"clearCoatMapChannel":"r","clearCoatMapUv":0,"clearCoatMapTiling":[1,1],"clearCoatMapOffset":[0,0],"clearCoatVertexColor":false,"clearCoatVertexColorChannel":"r","clearCoatGlossiness":1,"clearCoatGlossMap":null,"clearCoatGlossMapChannel":"r","clearCoatGlossMapUv":0,"clearCoatGlossMapTiling":[1,1],"clearCoatGlossMapOffset":[0,0],"clearCoatGlossVertexColor":false,"clearCoatGlossVertexColorChannel":"r","clearCoatBumpiness":1,"clearCoatNormalMap":null,"clearCoatNormalMapUv":0,"clearCoatNormalMapTiling":[1,1],"clearCoatNormalMapOffset":[0,0],"fresnelModel":0,"emissive":[0,0,0],"emissiveMap":null,"emissiveMapChannel":"rgb","emissiveMapUv":0,"emissiveMapTiling":[1,1],"emissiveMapOffset":[0,0],"emissiveIntensity":1,"normalMap":null,"normalMapTiling":[1,1],"normalMapOffset":[0,0],"normalMapUv":0,"bumpMapFactor":1,"heightMap":null,"heightMapChannel":"r","heightMapUv":0,"heightMapTiling":[1,1],"heightMapOffset":[0,0],"heightMapFactor":1,"alphaToCoverage":false,"alphaTest":0,"alphaFade":1,"opacity":1,"opacityMap":null,"opacityMapChannel":"r","opacityMapUv":0,"opacityMapTiling":[1,1],"opacityMapOffset":[0,0],"opacityFadesSpecular":true,"reflectivity":1,"refraction":0,"refractionIndex":0.6666666666666666,"sphereMap":null,"cubeMap":null,"cubeMapProjection":0,"cubeMapProjectionBox":{"center":[0,0,0],"halfExtents":[0.5,0.5,0.5]},"lightMap":null,"lightMapChannel":"rgb","lightMapUv":1,"lightMapTiling":[1,1],"lightMapOffset":[0,0],"depthTest":true,"depthWrite":true,"cull":1,"blendType":3,"shader":"blinn","useFog":true,"useLighting":true,"useSkybox":true,"useGammaTonemap":true,"aoMapVertexColor":false,"diffuseMapVertexColor":false,"emissiveMapVertexColor":false,"specularMapVertexColor":false,"metalnessMapVertexColor":false,"opacityMapVertexColor":false,"glossMapVertexColor":false,"lightMapVertexColor":false,"diffuseMapTint":false,"specularMapTint":false,"emissiveMapTint":false,"metalnessMapTint":false},"type":"material","file":null,"path":[],"task":null,"i18n":{},"branch_id":"6ebe9470-b009-4793-bbd3-ec97ef86c4b3","_type":"http://sharejs.org/types/JSONv0","_v":1,"_m":{"ctime":1657892580654,"mtime":1657892599431},"_o":"62d16ef7966df61a13a7d534","checkpoint_id":"adc7ddeb-7c82-4145-93ea-58ff9d47cadb","id":"93697695"},"93697696":{"scope":{"type":"project","id":954392},"user_id":328989,"source_asset_id":null,"source":false,"tags":[],"name":"Red","revision":1,"preload":true,"exclude":false,"meta":null,"data":{"ambient":[0,0,0],"ambientTint":false,"aoMap":null,"aoMapChannel":"r","aoMapUv":0,"aoMapTiling":[1,1],"aoMapOffset":[0,0],"diffuse":[1,0,0],"diffuseMap":null,"diffuseMapChannel":"rgb","diffuseMapUv":0,"diffuseMapTiling":[1,1],"diffuseMapOffset":[0,0],"specular":[0.23,0.23,0.23],"specularMap":null,"specularMapChannel":"rgb","specularMapUv":0,"specularMapTiling":[1,1],"specularMapOffset":[0,0],"specularAntialias":true,"occludeSpecular":1,"enableGGXSpecular":false,"anisotropy":0,"useMetalness":false,"metalness":1,"metalnessMap":null,"metalnessMapChannel":"r","metalnessMapUv":0,"metalnessMapTiling":[1,1],"metalnessMapOffset":[0,0],"conserveEnergy":true,"shininess":32,"glossMap":null,"glossMapChannel":"r","glossMapUv":0,"glossMapTiling":[1,1],"glossMapOffset":[0,0],"clearCoat":0,"clearCoatMap":null,"clearCoatMapChannel":"r","clearCoatMapUv":0,"clearCoatMapTiling":[1,1],"clearCoatMapOffset":[0,0],"clearCoatVertexColor":false,"clearCoatVertexColorChannel":"r","clearCoatGlossiness":1,"clearCoatGlossMap":null,"clearCoatGlossMapChannel":"r","clearCoatGlossMapUv":0,"clearCoatGlossMapTiling":[1,1],"clearCoatGlossMapOffset":[0,0],"clearCoatGlossVertexColor":false,"clearCoatGlossVertexColorChannel":"r","clearCoatBumpiness":1,"clearCoatNormalMap":null,"clearCoatNormalMapUv":0,"clearCoatNormalMapTiling":[1,1],"clearCoatNormalMapOffset":[0,0],"fresnelModel":0,"emissive":[0,0,0],"emissiveMap":null,"emissiveMapChannel":"rgb","emissiveMapUv":0,"emissiveMapTiling":[1,1],"emissiveMapOffset":[0,0],"emissiveIntensity":1,"normalMap":null,"normalMapTiling":[1,1],"normalMapOffset":[0,0],"normalMapUv":0,"bumpMapFactor":1,"heightMap":null,"heightMapChannel":"r","heightMapUv":0,"heightMapTiling":[1,1],"heightMapOffset":[0,0],"heightMapFactor":1,"alphaToCoverage":false,"alphaTest":0,"alphaFade":1,"opacity":1,"opacityMap":null,"opacityMapChannel":"r","opacityMapUv":0,"opacityMapTiling":[1,1],"opacityMapOffset":[0,0],"opacityFadesSpecular":true,"reflectivity":1,"refraction":0,"refractionIndex":0.6666666666666666,"sphereMap":null,"cubeMap":null,"cubeMapProjection":0,"cubeMapProjectionBox":{"center":[0,0,0],"halfExtents":[0.5,0.5,0.5]},"lightMap":null,"lightMapChannel":"rgb","lightMapUv":1,"lightMapTiling":[1,1],"lightMapOffset":[0,0],"depthTest":true,"depthWrite":true,"cull":1,"blendType":3,"shader":"blinn","useFog":true,"useLighting":true,"useSkybox":true,"useGammaTonemap":true,"aoMapVertexColor":false,"diffuseMapVertexColor":false,"emissiveMapVertexColor":false,"specularMapVertexColor":false,"metalnessMapVertexColor":false,"opacityMapVertexColor":false,"glossMapVertexColor":false,"lightMapVertexColor":false,"diffuseMapTint":false,"specularMapTint":false,"emissiveMapTint":false,"metalnessMapTint":false},"type":"material","file":null,"path":[],"task":null,"i18n":{},"_type":"http://sharejs.org/types/JSONv0","_v":1,"_m":{"ctime":1657892581664,"mtime":1657892581664},"branch_id":"6ebe9470-b009-4793-bbd3-ec97ef86c4b3","checkpoint_id":"adc7ddeb-7c82-4145-93ea-58ff9d47cadb","id":"93697696"},"93720787":{"scope":{"type":"project","id":954392},"user_id":295816,"source_asset_id":null,"source":false,"tags":[],"name":"ui-eventButton.js","revision":1,"preload":true,"meta":null,"data":{"scripts":{"uiEventButton":{"attributesOrder":["targetEntity","eventName"],"attributes":{"targetEntity":{"title":"Target Entity","description":"Target Entity the button event is fired on.","type":"entity"},"eventName":{"title":"Event Name","description":"Event that is fired on the target entity.","type":"string"}}}},"loading":false,"loadingType":0},"type":"script","file":{"filename":"ui-eventButton.js","size":1047,"hash":"dc428fd826b99615a970a12d783bc1ce"},"path":[],"task":null,"i18n":{},"branch_id":"6ebe9470-b009-4793-bbd3-ec97ef86c4b3","_type":"http://sharejs.org/types/JSONv0","_v":1,"_m":{"ctime":1657899215386,"mtime":1657899951870},"_o":"62d18bafe3f07435f9254117","immutable_backup":"f7fec3bc-a9ab-4426-a6f6-bbb24bfffcf8","same_as_backup":1,"checkpoint_id":"adc7ddeb-7c82-4145-93ea-58ff9d47cadb","id":"93720787"},"93720794":{"branch_id":"6ebe9470-b009-4793-bbd3-ec97ef86c4b3","scope":{"type":"project","id":954392},"user_id":328989,"source_asset_id":null,"source":false,"tags":[],"name":"destroyOnEvent.js","revision":1,"preload":true,"exclude":false,"meta":null,"data":{"scripts":{"destroyOnevent":{"attributesOrder":["srcEntity","eventName"],"attributes":{"srcEntity":{"title":"Source Entity","description":"Source Entity to listen on.","type":"entity"},"eventName":{"title":"Event Name","description":"Event to listen for.","type":"string"}}}},"loading":false,"loadingType":0},"type":"script","file":{"filename":"destroyOnEvent.js","size":1010,"hash":"e41cccb1022ce644de50672f6b6bc739"},"path":[],"task":null,"i18n":{},"_type":"http://sharejs.org/types/JSONv0","_v":1,"_m":{"ctime":1657899276444,"mtime":1657899518248},"_o":"62d189fe7a121f6830fcd87c","immutable_backup":"dac36ee5-4cbe-4002-9209-59f430d9d267","same_as_backup":1,"checkpoint_id":"adc7ddeb-7c82-4145-93ea-58ff9d47cadb","id":"93720794"},"93721724":{"scope":{"type":"project","id":954392},"user_id":328989,"source_asset_id":null,"source":false,"tags":[],"name":"forestanimals_2k.png","revision":1,"preload":false,"exclude":false,"meta":{"compress":{"alpha":false,"normals":false,"dxt":false,"pvr":false,"pvrBpp":4,"etc1":false,"etc2":false,"basis":true,"quality":128,"compressionMode":"etc"},"format":"png","type":"Bilevel","width":2000,"height":1152,"alpha":false,"depth":8,"srgb":true,"interlaced":false},"data":{"addressu":"repeat","addressv":"repeat","minfilter":"linear_mip_linear","magfilter":"linear","anisotropy":1,"rgbm":false,"mipmaps":true},"type":"texture","file":{"filename":"forestanimals_2k.png","size":2962266,"hash":"a45ac42271a13f88637652294f7cf61e","variants":{}},"path":[],"task":null,"i18n":{},"has_thumbnail":true,"_type":"http://sharejs.org/types/JSONv0","_m":{"ctime":1657900327947,"mtime":1657900327947},"_v":1,"branch_id":"6ebe9470-b009-4793-bbd3-ec97ef86c4b3","immutable_backup":"ca67d74e-807d-4509-ac9a-ee4ce525be2a","same_as_backup":1,"checkpoint_id":"adc7ddeb-7c82-4145-93ea-58ff9d47cadb","id":"93721724"},"93721725":{"branch_id":"6ebe9470-b009-4793-bbd3-ec97ef86c4b3","scope":{"type":"project","id":954392},"user_id":328989,"source_asset_id":null,"source":false,"tags":[],"name":"Test","revision":1,"preload":true,"exclude":false,"meta":null,"data":{"ambient":[0,0,0],"ambientTint":false,"aoMap":null,"aoMapChannel":"r","aoMapUv":0,"aoMapTiling":[1,1],"aoMapOffset":[0,0],"diffuse":[1,1,1],"diffuseMap":93721724,"diffuseMapChannel":"rgb","diffuseMapUv":0,"diffuseMapTiling":[1,1],"diffuseMapOffset":[0,0],"specular":[0.23,0.23,0.23],"specularMap":null,"specularMapChannel":"rgb","specularMapUv":0,"specularMapTiling":[1,1],"specularMapOffset":[0,0],"specularAntialias":true,"occludeSpecular":1,"enableGGXSpecular":false,"anisotropy":0,"useMetalness":false,"metalness":1,"metalnessMap":null,"metalnessMapChannel":"r","metalnessMapUv":0,"metalnessMapTiling":[1,1],"metalnessMapOffset":[0,0],"conserveEnergy":true,"shininess":32,"glossMap":null,"glossMapChannel":"r","glossMapUv":0,"glossMapTiling":[1,1],"glossMapOffset":[0,0],"clearCoat":0,"clearCoatMap":null,"clearCoatMapChannel":"r","clearCoatMapUv":0,"clearCoatMapTiling":[1,1],"clearCoatMapOffset":[0,0],"clearCoatVertexColor":false,"clearCoatVertexColorChannel":"r","clearCoatGlossiness":1,"clearCoatGlossMap":null,"clearCoatGlossMapChannel":"r","clearCoatGlossMapUv":0,"clearCoatGlossMapTiling":[1,1],"clearCoatGlossMapOffset":[0,0],"clearCoatGlossVertexColor":false,"clearCoatGlossVertexColorChannel":"r","clearCoatBumpiness":1,"clearCoatNormalMap":null,"clearCoatNormalMapUv":0,"clearCoatNormalMapTiling":[1,1],"clearCoatNormalMapOffset":[0,0],"fresnelModel":0,"emissive":[0,0,0],"emissiveMap":93721724,"emissiveMapChannel":"rgb","emissiveMapUv":0,"emissiveMapTiling":[1,1],"emissiveMapOffset":[0,0],"emissiveIntensity":1,"normalMap":null,"normalMapTiling":[1,1],"normalMapOffset":[0,0],"normalMapUv":0,"bumpMapFactor":1,"heightMap":null,"heightMapChannel":"r","heightMapUv":0,"heightMapTiling":[1,1],"heightMapOffset":[0,0],"heightMapFactor":1,"alphaToCoverage":false,"alphaTest":0,"alphaFade":1,"opacity":1,"opacityMap":null,"opacityMapChannel":"r","opacityMapUv":0,"opacityMapTiling":[1,1],"opacityMapOffset":[0,0],"opacityFadesSpecular":true,"reflectivity":1,"refraction":0,"refractionIndex":0.6666666666666666,"sphereMap":null,"cubeMap":null,"cubeMapProjection":0,"cubeMapProjectionBox":{"center":[0,0,0],"halfExtents":[0.5,0.5,0.5]},"lightMap":null,"lightMapChannel":"rgb","lightMapUv":1,"lightMapTiling":[1,1],"lightMapOffset":[0,0],"depthTest":true,"depthWrite":true,"cull":1,"blendType":3,"shader":"blinn","useFog":true,"useLighting":false,"useSkybox":true,"useGammaTonemap":true,"aoMapVertexColor":false,"diffuseMapVertexColor":false,"emissiveMapVertexColor":false,"specularMapVertexColor":false,"metalnessMapVertexColor":false,"opacityMapVertexColor":false,"glossMapVertexColor":false,"lightMapVertexColor":false,"diffuseMapTint":false,"specularMapTint":false,"emissiveMapTint":false,"metalnessMapTint":false},"type":"material","file":null,"path":[],"task":null,"i18n":{},"checkpoint_id":"adc7ddeb-7c82-4145-93ea-58ff9d47cadb","_type":"http://sharejs.org/types/JSONv0","_v":1,"_m":{"ctime":1657900336527,"mtime":1658153560804},"_o":"62d56a5801f8c196b55e7aed","id":"93721725"},"93941926":{"scope":{"type":"project","id":954392},"user_id":328989,"source_asset_id":null,"source":false,"tags":[],"name":"globals.js","revision":1,"preload":true,"exclude":false,"meta":null,"data":{"scripts":{"globals":{"attributesOrder":[],"attributes":{}}},"loading":false,"loadingType":0},"type":"script","file":{"filename":"globals.js","size":888,"hash":"800b938ba070693a5518366ed4648781"},"path":[],"task":null,"i18n":{},"_type":"http://sharejs.org/types/JSONv0","_m":{"ctime":1658139288463,"mtime":1658139288463},"_v":1,"branch_id":"6ebe9470-b009-4793-bbd3-ec97ef86c4b3","immutable_backup":"c7eace50-e1f2-47b3-9b48-d3661df3e60e","same_as_backup":1,"checkpoint_id":"adc7ddeb-7c82-4145-93ea-58ff9d47cadb","id":"93941926"}}