{"1465521":{"branch_id":"6ebe9470-b009-4793-bbd3-ec97ef86c4b3","project_id":954392,"name":"Main","created":"2022-07-06T12:33:51.673Z","settings":{"physics":{"gravity":[0,-9.8,0]},"render":{"lightmapFilterRange":10,"tonemapping":0,"ambientBakeOcclusionContrast":0,"skybox":null,"lightmapFilterSmoothness":0.2,"gamma_correction":1,"fog_start":1,"skyboxIntensity":1,"fog_color":[0,0,0],"lightmapMode":1,"ambientBakeSpherePart":0.4,"fog":"none","lightmapMaxResolution":2048,"skyboxMip":0,"lightmapSizeMultiplier":16,"fog_end":1000,"lightmapFilterEnabled":false,"ambientBake":false,"fog_density":0.01,"exposure":1,"global_ambient":[0.2,0.2,0.2],"ambientBakeNumSamples":1,"ambientBakeOcclusionBrightness":0,"skyboxRotation":[0,0,0]}},"scene":1465521,"entities":{"e442a70a-fd27-11ec-b824-3299f23ac341":{"position":[2,2,-2],"scale":[1,1,1],"name":"Light","parent":"e442a462-fd27-11ec-b824-3299f23ac341","resource_id":"e442a70a-fd27-11ec-b824-3299f23ac341","components":{"light":{"castShadows":true,"isStatic":false,"vsmBlurSize":11,"shadowUpdateMode":2,"normalOffsetBias":0.05,"color":[1,1,1],"bakeArea":0,"numCascades":1,"outerConeAngle":45,"bakeNumSamples":1,"affectDynamic":true,"intensity":1,"bakeDir":true,"cookieAngle":0,"affectLightmapped":false,"cookieChannel":"rgb","innerConeAngle":40,"shadowBias":0.2,"bake":false,"falloffMode":0,"cookieAsset":null,"vsmBias":0.01,"layers":[0],"cookieIntensity":1,"cascadeDistribution":0.5,"cookieOffset":[0,0],"shadowResolution":1024,"cookieScale":[1,1],"enabled":true,"shape":0,"range":8,"vsmBlurMode":1,"shadowDistance":16,"type":"directional","cookieFalloff":true,"shadowType":0}},"rotation":[-45,135,0],"tags":[],"enabled":true,"children":[]},"e442a5fc-fd27-11ec-b824-3299f23ac341":{"position":[0,1.6,0],"scale":[1,1,1],"name":"GeoARCamera","parent":"e442a462-fd27-11ec-b824-3299f23ac341","resource_id":"e442a5fc-fd27-11ec-b824-3299f23ac341","components":{"camera":{"projection":0,"farClip":1000,"clearColorBuffer":false,"layers":[0,1,2,3,4],"priority":0,"fov":65,"clearDepthBuffer":false,"frustumCulling":true,"clearColor":[0.118,0.118,0.118,1],"enabled":true,"orthoHeight":4,"nearClip":0.1,"rect":[0,0,1,1]},"script":{"enabled":true,"order":["geolocationAR","deviceMotionCamera"],"scripts":{"geolocationAR":{"enabled":true,"attributes":{"debugText":"16938d60-fca9-44c1-b353-7592b0264d29","startEvent":"Start"}},"deviceMotionCamera":{"enabled":true,"attributes":{"trackAcceleration":false,"adjustHeading":true,"debugText":"a746a8fc-5419-4780-ae3e-6e0ff502571d","startEvent":"Start"}}}}},"rotation":[0,0,0],"tags":[],"enabled":true,"children":[]},"e442a7fa-fd27-11ec-b824-3299f23ac341":{"position":[0,0.5,-9.322722266523662],"scale":[1,1,1],"name":"GeoObject","parent":"e442a462-fd27-11ec-b824-3299f23ac341","resource_id":"e442a7fa-fd27-11ec-b824-3299f23ac341","components":{"render":{"isStatic":false,"castShadows":true,"castShadowsLightmap":true,"rootBone":null,"lightmapped":false,"batchGroupId":null,"layers":[0],"receiveShadows":true,"enabled":true,"asset":null,"materialAssets":[null],"type":"sphere","lightmapSizeMultiplier":1},"script":{"enabled":true,"order":["geolocationObject"],"scripts":{"geolocationObject":{"enabled":true,"attributes":{"geoCam":"e442a5fc-fd27-11ec-b824-3299f23ac341","coordinates":{"latitude":51.035663089529635,"longitude":13.722273233719363}}}}}},"rotation":[0,-35,0],"tags":[],"enabled":true,"children":["7ef9a220-dc04-4fe2-b18b-6e078662a595","6b5b938d-591d-401a-8171-a336e154f910"]},"e442a462-fd27-11ec-b824-3299f23ac341":{"position":[0,0,0],"scale":[1,1,1],"name":"Root","parent":null,"resource_id":"e442a462-fd27-11ec-b824-3299f23ac341","components":{"script":{"enabled":true,"order":[],"scripts":{}}},"rotation":[0,0,0],"tags":[],"enabled":true,"children":["e442a5fc-fd27-11ec-b824-3299f23ac341","e442a70a-fd27-11ec-b824-3299f23ac341","e442a7fa-fd27-11ec-b824-3299f23ac341","ea26eb23-e3de-431a-a80e-ba32d6989795"]},"ea26eb23-e3de-431a-a80e-ba32d6989795":{"name":"2D Screen","tags":[],"enabled":true,"resource_id":"ea26eb23-e3de-431a-a80e-ba32d6989795","parent":"e442a462-fd27-11ec-b824-3299f23ac341","children":["74d756e7-4b69-4005-8fe2-a63b507fcf73","b2b3123f-09ae-4ba7-81b1-6baef577bc30"],"position":[0,0,0],"rotation":[0,0,0],"scale":[1,1,1],"components":{"screen":{"enabled":true,"screenSpace":true,"scaleMode":"blend","scaleBlend":0.5,"resolution":[1280,720],"referenceResolution":[1080,1920]}}},"66028a55-d3f4-4530-bb43-2b1181c2a766":{"name":"Group","tags":[],"enabled":true,"resource_id":"66028a55-d3f4-4530-bb43-2b1181c2a766","parent":"74d756e7-4b69-4005-8fe2-a63b507fcf73","children":["16938d60-fca9-44c1-b353-7592b0264d29"],"position":[0,0,0],"rotation":[0,0,0],"scale":[1,1,1],"components":{"element":{"enabled":true,"type":"group","anchor":[0,1,0,1],"pivot":[0,1],"text":"","key":null,"fontAsset":92218964,"fontSize":32,"minFontSize":8,"maxFontSize":32,"autoFitWidth":false,"autoFitHeight":false,"maxLines":null,"lineHeight":32,"wrapLines":true,"spacing":1,"color":[1,1,1],"opacity":1,"textureAsset":null,"spriteAsset":null,"spriteFrame":0,"pixelsPerUnit":null,"width":32,"height":32,"margin":[0,-32,-32,0],"alignment":[0.5,0.5],"outlineColor":[0,0,0,1],"outlineThickness":0,"shadowColor":[0,0,0,1],"shadowOffset":[0,0],"rect":[0,0,1,1],"materialAsset":null,"autoWidth":false,"autoHeight":false,"fitMode":"stretch","useInput":false,"batchGroupId":null,"mask":false,"layers":[4],"enableMarkup":false}}},"16938d60-fca9-44c1-b353-7592b0264d29":{"name":"text_location","tags":[],"enabled":true,"resource_id":"16938d60-fca9-44c1-b353-7592b0264d29","parent":"66028a55-d3f4-4530-bb43-2b1181c2a766","children":[],"position":[0,0,0],"rotation":[0,0,0],"scale":[1,1,1],"components":{"element":{"enabled":true,"type":"text","anchor":[0,1,0,1],"pivot":[0,1],"text":"Latitude: ...\nLongitude: ...\nAccuracy: ...","key":null,"fontAsset":92218964,"fontSize":32,"minFontSize":8,"maxFontSize":32,"autoFitWidth":false,"autoFitHeight":false,"maxLines":null,"lineHeight":32,"wrapLines":true,"spacing":1,"color":[1,1,1],"opacity":1,"textureAsset":null,"spriteAsset":null,"spriteFrame":0,"pixelsPerUnit":null,"width":182.875,"height":97.781,"margin":[0,-97.781,-182.875,0],"alignment":[0,0],"outlineColor":[0,0,0,1],"outlineThickness":1,"shadowColor":[0,0,0,1],"shadowOffset":[0,0],"rect":[0,0,1,1],"materialAsset":null,"autoWidth":true,"autoHeight":true,"fitMode":"stretch","useInput":false,"batchGroupId":null,"mask":false,"layers":[4],"enableMarkup":false}}},"bb4c1036-5dd3-47bc-9e9a-0355a8b9ef03":{"name":"Group","tags":[],"enabled":true,"resource_id":"bb4c1036-5dd3-47bc-9e9a-0355a8b9ef03","parent":"74d756e7-4b69-4005-8fe2-a63b507fcf73","children":["a746a8fc-5419-4780-ae3e-6e0ff502571d"],"position":[0,0,0],"rotation":[0,0,0],"scale":[1,1,1],"components":{"element":{"enabled":true,"type":"group","anchor":[0,0,0,0],"pivot":[0,0],"text":"","key":null,"fontAsset":92218964,"fontSize":32,"minFontSize":8,"maxFontSize":32,"autoFitWidth":false,"autoFitHeight":false,"maxLines":null,"lineHeight":32,"wrapLines":true,"spacing":1,"color":[1,1,1],"opacity":1,"textureAsset":null,"spriteAsset":null,"spriteFrame":0,"pixelsPerUnit":null,"width":32,"height":32,"margin":[0,0,-32,-32],"alignment":[0.5,0.5],"outlineColor":[0,0,0,1],"outlineThickness":0,"shadowColor":[0,0,0,1],"shadowOffset":[0,0],"rect":[0,0,1,1],"materialAsset":null,"autoWidth":false,"autoHeight":false,"fitMode":"stretch","useInput":false,"batchGroupId":null,"mask":false,"layers":[4],"enableMarkup":false}}},"a746a8fc-5419-4780-ae3e-6e0ff502571d":{"name":"text_orientation","tags":[],"enabled":true,"resource_id":"a746a8fc-5419-4780-ae3e-6e0ff502571d","parent":"bb4c1036-5dd3-47bc-9e9a-0355a8b9ef03","children":[],"position":[0,0,0],"rotation":[0,0,0],"scale":[1,1,1],"components":{"element":{"enabled":true,"type":"text","anchor":[0,0,0,0],"pivot":[0,0],"text":"Heading: ...\nAlpha: ...\nBeta: ...\nGamma: ...","key":null,"fontAsset":92218964,"fontSize":32,"minFontSize":8,"maxFontSize":32,"autoFitWidth":false,"autoFitHeight":false,"maxLines":null,"lineHeight":32,"wrapLines":true,"spacing":1,"color":[1,1,1],"opacity":1,"textureAsset":null,"spriteAsset":null,"spriteFrame":0,"pixelsPerUnit":null,"width":159.531,"height":129.781,"margin":[0,0,-159.531,-129.781],"alignment":[0,0.5],"outlineColor":[0,0,0,1],"outlineThickness":1,"shadowColor":[0,0,0,1],"shadowOffset":[0,0],"rect":[0,0,1,1],"materialAsset":null,"autoWidth":true,"autoHeight":true,"fitMode":"stretch","useInput":false,"batchGroupId":null,"mask":false,"layers":[4],"enableMarkup":false}}},"666dfb86-fddf-47af-a33e-854dda3d7451":{"name":"Cone","tags":[],"enabled":true,"resource_id":"666dfb86-fddf-47af-a33e-854dda3d7451","parent":"6b5b938d-591d-401a-8171-a336e154f910","children":[],"position":[0,0,0.5],"rotation":[89.99999999999999,0,0],"scale":[0.2,0.2,0.2],"components":{"render":{"enabled":true,"type":"cone","asset":null,"materialAssets":[93697693],"layers":[0],"batchGroupId":null,"castShadows":true,"castShadowsLightmap":true,"receiveShadows":true,"lightmapped":false,"lightmapSizeMultiplier":1,"castShadowsLightMap":true,"lightMapped":false,"lightMapSizeMultiplier":1,"isStatic":false,"rootBone":null}}},"6b5b938d-591d-401a-8171-a336e154f910":{"name":"Center","tags":[],"enabled":true,"resource_id":"6b5b938d-591d-401a-8171-a336e154f910","parent":"e442a7fa-fd27-11ec-b824-3299f23ac341","children":["666dfb86-fddf-47af-a33e-854dda3d7451","de8c83d2-668a-4e6c-97b4-402e07cc522e","b5c9824d-7654-4c0c-86fa-070ac2c7fa78"],"position":[0,0,0],"rotation":[-90,0,0],"scale":[1,1,1],"components":{}},"de8c83d2-668a-4e6c-97b4-402e07cc522e":{"name":"Cone","tags":[],"enabled":true,"resource_id":"de8c83d2-668a-4e6c-97b4-402e07cc522e","parent":"6b5b938d-591d-401a-8171-a336e154f910","children":[],"position":[0.5,0,1.1102230246251565e-16],"rotation":[89.99999999999999,90,0],"scale":[0.2,0.2,0.2],"components":{"render":{"enabled":true,"type":"cone","asset":null,"materialAssets":[93697696],"layers":[0],"batchGroupId":null,"castShadows":true,"castShadowsLightmap":true,"receiveShadows":true,"lightmapped":false,"lightmapSizeMultiplier":1,"castShadowsLightMap":true,"lightMapped":false,"lightMapSizeMultiplier":1,"isStatic":false,"rootBone":null}}},"b5c9824d-7654-4c0c-86fa-070ac2c7fa78":{"name":"Cone","tags":[],"enabled":true,"resource_id":"b5c9824d-7654-4c0c-86fa-070ac2c7fa78","parent":"6b5b938d-591d-401a-8171-a336e154f910","children":[],"position":[5.122987545291835e-8,-0.5000004623800578,-1.609823385706477e-15],"rotation":[179.99999999999997,-6.361109413846781e-15,-2.0966596854547406e-7],"scale":[0.2,0.2,0.2],"components":{"render":{"enabled":true,"type":"cone","asset":null,"materialAssets":[93697695],"layers":[0],"batchGroupId":null,"castShadows":true,"castShadowsLightmap":true,"receiveShadows":true,"lightmapped":false,"lightmapSizeMultiplier":1,"castShadowsLightMap":true,"lightMapped":false,"lightMapSizeMultiplier":1,"isStatic":false,"rootBone":null}}},"b2b3123f-09ae-4ba7-81b1-6baef577bc30":{"name":"Overlay","tags":[],"enabled":true,"resource_id":"b2b3123f-09ae-4ba7-81b1-6baef577bc30","parent":"ea26eb23-e3de-431a-a80e-ba32d6989795","children":["9bf7584b-3035-4c89-9a7f-62b1adfb62a1"],"position":[640,360,20],"rotation":[0,0,0],"scale":[1,1,1],"components":{"element":{"enabled":true,"type":"image","anchor":[0,0,1,1],"pivot":[0.5,0.5],"text":"","key":null,"fontAsset":92218964,"fontSize":32,"minFontSize":8,"maxFontSize":32,"autoFitWidth":false,"autoFitHeight":false,"maxLines":null,"lineHeight":32,"wrapLines":true,"spacing":1,"color":[0,0,0],"opacity":1,"textureAsset":null,"spriteAsset":null,"spriteFrame":0,"pixelsPerUnit":null,"width":1280,"height":720,"margin":[0,0,0,0],"alignment":[0.5,0.5],"outlineColor":[0,0,0,1],"outlineThickness":0,"shadowColor":[0,0,0,1],"shadowOffset":[0,0],"rect":[0,0,1,1],"materialAsset":null,"autoWidth":false,"autoHeight":false,"fitMode":"stretch","useInput":false,"batchGroupId":null,"mask":false,"layers":[4],"enableMarkup":false},"script":{"enabled":true,"order":["destroyOnevent"],"scripts":{"destroyOnevent":{"enabled":true,"attributes":{"srcEntity":null,"eventName":"Start"}}}}}},"9bf7584b-3035-4c89-9a7f-62b1adfb62a1":{"name":"Button","tags":[],"enabled":true,"resource_id":"9bf7584b-3035-4c89-9a7f-62b1adfb62a1","parent":"b2b3123f-09ae-4ba7-81b1-6baef577bc30","children":["874b44e5-0b53-4deb-a373-9c7bf2bc3855"],"position":[0,0,0],"rotation":[0,0,0],"scale":[1,1,1],"components":{"button":{"enabled":true,"active":true,"imageEntity":"9bf7584b-3035-4c89-9a7f-62b1adfb62a1","hitPadding":[0,0,0,0],"transitionMode":0,"hoverTint":[1,1,1,1],"pressedTint":[1,1,1,1],"inactiveTint":[1,1,1,1],"fadeDuration":0,"hoverSpriteAsset":null,"hoverSpriteFrame":0,"pressedSpriteAsset":null,"pressedSpriteFrame":0,"inactiveSpriteAsset":null,"inactiveSpriteFrame":0,"hoverTextureAsset":null,"pressedTextureAsset":null,"inactiveTextureAsset":null},"element":{"enabled":true,"type":"image","anchor":[0.5,0.5,0.5,0.5],"pivot":[0.5,0.5],"text":"","key":null,"fontAsset":92218964,"fontSize":32,"minFontSize":8,"maxFontSize":32,"autoFitWidth":false,"autoFitHeight":false,"maxLines":null,"lineHeight":32,"wrapLines":true,"spacing":1,"color":[1,1,1],"opacity":1,"textureAsset":null,"spriteAsset":null,"spriteFrame":0,"pixelsPerUnit":null,"width":200,"height":100,"margin":[-100,-50,-100,-50],"alignment":[0.5,0.5],"outlineColor":[0,0,0,1],"outlineThickness":0,"shadowColor":[0,0,0,1],"shadowOffset":[0,0],"rect":[0,0,1,1],"materialAsset":null,"autoWidth":false,"autoHeight":false,"fitMode":"stretch","useInput":true,"batchGroupId":null,"mask":false,"layers":[4],"enableMarkup":false},"script":{"enabled":true,"order":["uiEventButton"],"scripts":{"uiEventButton":{"enabled":true,"attributes":{"targetEntity":null,"eventName":"Start"}}}}}},"874b44e5-0b53-4deb-a373-9c7bf2bc3855":{"name":"Text","tags":[],"enabled":true,"resource_id":"874b44e5-0b53-4deb-a373-9c7bf2bc3855","parent":"9bf7584b-3035-4c89-9a7f-62b1adfb62a1","children":[],"position":[0,0,0],"rotation":[0,0,0],"scale":[1,1,1],"components":{"element":{"enabled":true,"type":"text","anchor":[0,0,1,1],"pivot":[0.5,0.5],"text":"Start","key":null,"fontAsset":92218964,"fontSize":32,"minFontSize":8,"maxFontSize":64,"autoFitWidth":true,"autoFitHeight":true,"maxLines":null,"lineHeight":32,"wrapLines":true,"spacing":1,"color":[0,0,0],"opacity":1,"textureAsset":null,"spriteAsset":null,"spriteFrame":0,"pixelsPerUnit":null,"width":32,"height":32,"margin":[0,0,0,0],"alignment":[0.5,0.5],"outlineColor":[0,0,0,1],"outlineThickness":0,"shadowColor":[0,0,0,1],"shadowOffset":[0,0],"rect":[0,0,1,1],"materialAsset":null,"autoWidth":false,"autoHeight":false,"fitMode":"stretch","useInput":false,"batchGroupId":null,"mask":false,"layers":[4],"enableMarkup":false}}},"74d756e7-4b69-4005-8fe2-a63b507fcf73":{"name":"Debug","tags":[],"enabled":true,"resource_id":"74d756e7-4b69-4005-8fe2-a63b507fcf73","parent":"ea26eb23-e3de-431a-a80e-ba32d6989795","children":["66028a55-d3f4-4530-bb43-2b1181c2a766","bb4c1036-5dd3-47bc-9e9a-0355a8b9ef03","f2a76c80-adce-49a9-b46a-22ab1a1d7682"],"position":[0,0,0],"rotation":[0,0,0],"scale":[1,1,1],"components":{}},"7ef9a220-dc04-4fe2-b18b-6e078662a595":{"name":"Plane","tags":[],"enabled":true,"resource_id":"7ef9a220-dc04-4fe2-b18b-6e078662a595","parent":"e442a7fa-fd27-11ec-b824-3299f23ac341","children":[],"position":[-1.8808486856869422e-7,0,1.5084799542819383e-7],"rotation":[89.99999999999999,-2.248991783197473e-15,-2.248991783197472e-15],"scale":[8,4,4],"components":{"render":{"enabled":true,"type":"plane","asset":null,"materialAssets":[93721725],"layers":[0],"batchGroupId":null,"castShadows":true,"castShadowsLightmap":true,"receiveShadows":true,"lightmapped":false,"lightmapSizeMultiplier":1,"castShadowsLightMap":true,"lightMapped":false,"lightMapSizeMultiplier":1,"isStatic":false,"rootBone":null}}},"f2a76c80-adce-49a9-b46a-22ab1a1d7682":{"name":"Group","tags":[],"enabled":true,"resource_id":"f2a76c80-adce-49a9-b46a-22ab1a1d7682","parent":"74d756e7-4b69-4005-8fe2-a63b507fcf73","children":["ae3854f4-3929-40c1-b693-0143ba23a222"],"position":[0,0,0],"rotation":[0,0,0],"scale":[1,1,1],"components":{"element":{"enabled":true,"type":"group","anchor":[1,0,1,0],"pivot":[1,0],"text":"","key":null,"fontAsset":92218964,"fontSize":32,"minFontSize":8,"maxFontSize":32,"autoFitWidth":false,"autoFitHeight":false,"maxLines":null,"lineHeight":32,"wrapLines":true,"spacing":1,"color":[1,1,1],"opacity":1,"textureAsset":null,"spriteAsset":null,"spriteFrame":0,"pixelsPerUnit":null,"width":32,"height":32,"margin":[-32,0,0,-32],"alignment":[0.5,0.5],"outlineColor":[0,0,0,1],"outlineThickness":0,"shadowColor":[0,0,0,1],"shadowOffset":[0,0],"rect":[0,0,1,1],"materialAsset":null,"autoWidth":false,"autoHeight":false,"fitMode":"stretch","useInput":false,"batchGroupId":null,"mask":false,"layers":[4],"enableMarkup":false}}},"ae3854f4-3929-40c1-b693-0143ba23a222":{"name":"Text","tags":[],"enabled":true,"resource_id":"ae3854f4-3929-40c1-b693-0143ba23a222","parent":"f2a76c80-adce-49a9-b46a-22ab1a1d7682","children":[],"position":[0,0,0],"rotation":[0,0,0],"scale":[1,1,1],"components":{"element":{"enabled":true,"type":"text","anchor":[1,0,1,0],"pivot":[1,0],"text":"v22.07.18:3","key":null,"fontAsset":92218964,"fontSize":64,"minFontSize":8,"maxFontSize":32,"autoFitWidth":false,"autoFitHeight":false,"maxLines":null,"lineHeight":32,"wrapLines":true,"spacing":1,"color":[1,1,1],"opacity":1,"textureAsset":null,"spriteAsset":null,"spriteFrame":0,"pixelsPerUnit":null,"width":331.75,"height":67.563,"margin":[-331.75,0,0,-67.563],"alignment":[0.5,0.5],"outlineColor":[0,0,0,1],"outlineThickness":0,"shadowColor":[0,0,0,1],"shadowOffset":[0,0],"rect":[0,0,1,1],"materialAsset":null,"autoWidth":true,"autoHeight":true,"fitMode":"stretch","useInput":false,"batchGroupId":null,"mask":false,"layers":[4],"enableMarkup":false}}}},"checkpoint_id":"adc7ddeb-7c82-4145-93ea-58ff9d47cadb","_type":"http://sharejs.org/types/JSONv0","_v":1,"_m":{"ctime":1657110831673.764,"mtime":1658160474602},"_o":"62d5855a01f8c1336c5f98c3","id":"1465521"}}